id,ticketNumber,firstInitial,lastInitial,purchaseDate
be79f4ff-2636-4dee-9a46-41544397cc5f,51049,T,W,2025-05-11
e672fca5-69d7-4ddf-9e41-b3efd68828db,229456,T,W,2025-05-11
06830829-0c94-4db1-9652-b3c5d5bb0361,385703,T,W,2025-05-11
41182a8c-697f-4e87-ae61-2c4024586503,411308,T,W,2025-05-11
ad52e472-16e1-49c9-9969-61ffe088c3f8,229516,T,W,2025-05-11
66cd6c9f-b4fe-480d-ad2a-689be7edffcf,485283,T,W,2025-05-11
6a0fa763-232d-406b-9c55-4766c3864c4b,161975,T,W,2025-05-11
c752401c-ba75-4c05-94d0-da7078bd0108,470096,T,W,2025-05-11
fda2e67e-2fdd-4dcf-8284-bdad4fc55dee,99154,T,W,2025-05-11
32ca806c-13f6-4df1-ad72-14c78fb89c7b,280533,T,W,2025-05-11
0d922bba-92c3-4371-912d-619d0c343d75,426070,T,W,2025-05-11
b8054d45-fbed-445f-b609-bad924210f1d,240934,T,W,2025-05-11
63f62585-8de3-4fa9-9936-0331c5fa3a0d,44483,T,W,2025-05-11
ccdc6b94-d4ae-4b31-8482-8128e0ea31e4,282655,T,W,2025-05-11
c720de70-75d3-4259-8504-9edb032c2941,81166,T,W,2025-05-11
81bb5dec-3e27-4d9f-8253-8f321a869348,240903,T,W,2025-05-11
04840b69-4854-4389-afc2-788b76c2c8f1,228178,T,W,2025-05-11
acd34613-a2a9-4ba0-884c-f95d7f2cb2cc,296776,T,W,2025-05-11
d639b4f0-f14a-4e3e-84cd-49aa60562f3d,486364,T,W,2025-05-11
54637143-a473-4c34-8857-18167beab3c6,253043,T,W,2025-05-11
f73dc8d5-8c93-4ca6-ace1-de92918798e5,379819,T,W,2025-05-11
bb832aa8-17aa-4a1f-9874-7859abf4a277,307825,T,W,2025-05-11
9b331d9d-a490-452c-8c3f-1825a12e2973,69937,T,W,2025-05-11
252013b5-2fbf-4544-b474-f257a32f8756,51009,T,W,2025-05-11
4ca40a18-7607-4dfd-8de4-79e36d8301e4,99462,T,W,2025-05-11
f9f13ae9-0631-43f9-bf50-72ca4f2600ff,350234,T,W,2025-05-11
9a37985a-a355-4e28-bf63-e0440b8cd10f,411373,T,W,2025-05-11
048d67b9-409b-44ec-936f-d24e68e7bd41,395062,T,W,2025-05-11
cec96635-6319-4ee5-9171-79ab78710be2,455597,T,W,2025-05-11
bf6307bc-0fcb-4b4b-ad12-e2de5c145c6b,262140,T,W,2025-05-11
8de35d8d-924c-48b6-8798-7bd1cb1bb00f,186008,T,W,2025-05-11
2b35e307-137a-4b42-bc2a-7d91177cf543,10910,T,W,2025-05-11
0d0fd05b-de4c-49b5-9677-956976a7a99a,497219,T,W,2025-05-11
b82104aa-1ec4-49d4-94f8-b9e0e5514fb1,416404,T,W,2025-05-11
7fe9c099-6884-491f-b895-72fede75a82b,140285,T,W,2025-05-11
527c88c0-079a-458b-b64f-a2da1c7cf17a,378951,T,W,2025-05-11
0d357276-b58b-4a4f-8e28-99bdbf45582c,109066,T,W,2025-05-11
35509551-e749-45d1-ba68-67144180581b,294516,T,W,2025-05-11
b00e03b8-8c90-458b-8e64-d8d6ce3a2d9c,74599,T,W,2025-05-11
5e1a9f70-43a9-4d71-8ba9-d0ec866a3167,420964,T,W,2025-05-11
214d11f9-12e2-406e-8f3a-c5f214a77a64,393886,T,W,2025-05-11
03776675-fe99-42b5-b53c-cd93296d7806,433214,T,W,2025-05-11
9be8332b-cdaa-4e39-bcc0-9bf3974fb4c9,225636,T,W,2025-05-11
085dd493-0f7a-4376-b974-7be5fb811730,155121,T,W,2025-05-11
c9767d62-1b30-4d67-8699-792880a2cfbf,53103,T,W,2025-05-11
cb4d2cc6-ac66-40db-a7cd-e3eaebfe326e,275102,T,W,2025-05-11
589c7aec-68f6-44ff-9ed3-1d6b258ff863,135843,T,W,2025-05-11
ca426da0-69ba-49eb-b406-d60f3883dbc8,410733,T,W,2025-05-11
6a4fc2be-4f6f-4d78-ac6a-09bca3dc525a,133829,T,W,2025-05-11
f4f7b1d9-a61d-438b-960e-9abfca3ba290,399375,T,W,2025-05-11
8039d92a-e555-47f0-948a-3816781b901f,185306,T,W,2025-05-11
8ab8e09d-b709-4904-8785-5c5df633cce0,468854,T,W,2025-05-11
7e8adb32-04f7-49c4-baab-c61f175d98b4,402969,T,W,2025-05-11
a941ae83-b500-4d88-ae1e-16402f6b83bf,464680,T,W,2025-05-11
2f847fa0-5831-42f9-9f7a-3a49c20c639f,446971,T,W,2025-05-11
63b0a11e-bc55-4f89-af1d-da217d674374,452935,T,W,2025-05-11
687dee77-0472-43c5-b98d-6a6295bf7262,369959,T,W,2025-05-11
6571566a-4b8f-4047-953f-3d5e3de3f924,11379,T,W,2025-05-11
d4843e16-d519-4959-bbda-5b8aa02da554,489101,T,W,2025-05-11
f04c7781-2073-4497-9f88-89b5166c362f,9476,T,W,2025-05-11
f052d57f-758a-4e8e-9046-a55f0d099470,330471,T,W,2025-05-11
c7ef6c4a-9fa1-4d8a-8de0-480a78f42f47,372748,T,W,2025-05-11
5ef0d70f-3e2b-4276-b2e8-8a631f5ef10e,293449,T,W,2025-05-11
87162b1d-08b6-49e4-a64e-3d2fa74c9bc9,13317,T,W,2025-05-11
2c7b19c3-c5cf-4475-9e49-c8f3326a020a,394655,T,W,2025-05-11
9284c1d0-b9a7-4e3c-bbbc-d1ee44def778,469850,T,W,2025-05-11
75e8e086-8469-453a-b0db-a40dd6a7b4cc,166309,T,W,2025-05-11
151f2558-96ea-4dc1-bb34-2cffba10ff7c,176082,T,W,2025-05-11
ba2727ad-ee1b-43db-a34c-138aaf552d25,275356,T,W,2025-05-11
4dfa7450-ebcc-4d53-b817-6aacdc6030a7,349960,T,W,2025-05-11
a9a37a6a-f68b-4762-a073-477d54a73bd2,20153,T,W,2025-05-11
89e00a2d-ef63-42b3-b0b2-3cb69898e916,8341,T,W,2025-05-11
9daf6e52-a9e8-4cfd-b470-b9a41f454e71,171985,T,W,2025-05-11
ed9a854a-1de6-4bf2-b7fa-daca9465a85d,402224,T,W,2025-05-11
19c9a10b-f2aa-44a0-8462-fefdd805ed70,132714,T,W,2025-05-11
992a1107-67b0-47f2-871e-e22c2fceb7fc,353685,T,W,2025-05-11
3f40a0de-3b85-4498-980d-7f600354deb7,492887,T,W,2025-05-11
c3c8853c-465b-4bef-9ab5-fb487a86f6bb,338073,T,W,2025-05-11
0215e186-5571-4d66-a1d0-16b1c47bdc6b,283602,T,W,2025-05-11
e5bfe08a-9625-4a0a-85aa-971a1ce1d604,25517,T,W,2025-05-11
4a23dbfa-c786-4be2-9682-fe1c0922a2e6,479140,T,W,2025-05-11
b4613c8e-ee4e-4926-92eb-84279a9b5763,213251,T,W,2025-05-11
cefac5dd-1322-4e73-b86d-63b7db38fb33,272780,T,W,2025-05-11
057477b1-957a-458f-8d54-6263702b91ea,17358,T,W,2025-05-11
07d7d982-04be-4ef3-ae95-b905235d2b0b,180903,T,W,2025-05-11
283f7713-865a-4109-8c93-eb7acd8f1005,294567,T,W,2025-05-11
c9b9868d-a00f-4b75-a30f-08287e7079e4,228806,T,W,2025-05-11
b6cc940d-7d3b-497c-8153-6114e9c933dc,319224,T,W,2025-05-11
6ffcb7fa-c06b-47d5-845f-298dfcbc8113,388661,T,W,2025-05-11
3b53d59f-239c-4279-91a3-38f6329a8b0c,463170,T,W,2025-05-11
82ecc57c-3cff-4662-a403-70d2da98e13f,153633,T,W,2025-05-11
a04f146d-dc61-4fe3-8326-f11cda9f3f61,199861,T,W,2025-05-11
502d2e07-7dc8-4caa-a33e-693468b0318d,209319,T,W,2025-05-11
f861b968-6b4e-487d-aff4-192ae80592ef,468855,T,W,2025-05-11
f137dbe7-faa2-48de-b692-17980191935f,492713,T,W,2025-05-11
af32ea30-cbc7-411e-a007-77ddd790d4f0,245454,T,W,2025-05-11
6cbef21b-d81c-4b80-ad91-2c83c8a8725b,244403,T,W,2025-05-11
eb58f68a-98d3-459c-a43f-a5a833c4f928,156477,T,W,2025-05-11
c797b586-5bb8-4ddb-8eff-0db5825914e2,13576,T,W,2025-05-11
502dcc02-d1a0-4921-886a-99570784ddc0,189403,T,W,2025-05-11