id,ticketNumber,firstInitial,lastInitial,purchaseDate,entryType
f57c2d4a-0315-4c4f-9ed8-6999bac941a4,23008,A,S,2026-02-02,online
437b4cd5-6180-4e7b-8b60-876c9dac8935,364824,A,S,2026-02-02,online
551d016d-fe3e-4d72-a606-dd64c6c16b31,138654,A,S,2026-02-02,online
5fdbefa5-4324-43fc-b922-a8abef1aa969,361297,A,S,2026-02-02,online
613f287d-c329-4037-86fa-c393e95b0c28,499745,A,S,2026-02-02,online
d7c42135-6055-42e7-a7e2-ac8b20abc870,345063,A,S,2026-02-02,online
25c11945-c50e-4a04-9ec2-bf26cce0a343,175202,A,S,2026-02-02,online
bd35a14a-8244-4afe-976b-57b70640438d,406656,A,S,2026-02-02,online
8f5731ab-8596-4d91-8500-d7813d170c9c,393415,A,S,2026-02-02,online
852059a5-ce12-4895-9772-2ad9da2ccabe,477456,A,S,2026-02-02,online
17dda440-218a-4119-a817-4fbe6a221f37,492532,A,S,2026-02-02,online
84ca7a5d-e057-4d42-990c-9aaf0394cabd,319992,A,S,2026-02-02,online
66dc641f-61f7-442d-be49-921d0a21b3a0,149325,A,S,2026-02-02,online
2a9e98b6-a168-43d8-adaf-43fa27030ff9,284354,A,S,2026-02-02,online
0133ff84-81aa-4899-bbdd-77f18cd3744d,214026,A,S,2026-02-02,online
b2f63e48-71d9-4b12-827a-2abb6c8e7665,10444,A,S,2026-02-02,online
46efd0e4-47b8-4e49-bce2-e72b3050d921,7708,A,S,2026-02-02,online
9bb7c582-7945-4d8f-9613-8e188eda460f,94372,A,S,2026-02-02,online
25a80f3f-5a57-4c53-973e-106d0012cd56,310919,A,S,2026-02-02,online
1bf65a18-5e51-4c31-a6d5-e6c67b872e54,189655,A,S,2026-02-02,online
3c071acd-7d29-437c-8f0e-a78ab6b5a8b5,237724,A,S,2026-02-02,online
d668634a-038f-494c-9d59-d87bdf11fa3a,261391,A,S,2026-02-02,online
674bcaf9-d33a-40b3-b8d6-db96b639c44b,246028,A,S,2026-02-02,online
514c292e-a418-4a24-8b1a-4cc3b133cf6f,241998,A,S,2026-02-02,online
590d9ba4-139b-48a1-a16e-5b75096aa7b7,235719,A,S,2026-02-02,online
87c4990a-c1ea-4a60-8e83-c0cfd3fd259d,329710,A,S,2026-02-02,online
f4df661d-509c-43ce-bc14-526b93bfdecc,233090,A,S,2026-02-02,online
6325d834-8c55-4a11-8d9d-e53d4df540b3,332270,A,S,2026-02-02,online
63bc4e4e-28b4-41c8-945f-c2f852e9f2d9,434965,A,S,2026-02-02,online
d8009ff9-2158-4870-982f-c6db38fc4ea8,158768,A,S,2026-02-02,online
796af34c-268f-47e0-b8be-34769a2d1eb1,131938,A,S,2026-02-02,online
b554de04-1980-4223-b4b8-d866d3ad40c7,478303,A,S,2026-02-02,online
50c53992-9812-4d23-a63a-ea2f636a78da,218128,A,S,2026-02-02,online
1cb8d745-244b-42bc-9542-977f0c0139fa,263824,A,S,2026-02-02,online
28cdbfa4-c482-4f7d-84fc-9bd6869fd4b9,172983,A,S,2026-02-02,online
536374af-f1d1-4504-a996-713bca12cf5a,209717,A,S,2026-02-02,online
34ba4315-7144-43f8-8b60-a73c66e9cffb,31512,A,S,2026-02-02,online
72cb8060-96f1-4cf5-b488-af61cee7483a,166115,A,S,2026-02-02,online
0b23018d-50d5-4cfe-bee8-68b36e38e430,421812,A,S,2026-02-02,online
79d885fa-9400-41aa-b670-ef3f848ca139,232127,A,S,2026-02-02,online
7a5d673e-b6ff-4789-9b6d-5310bd881f57,299366,A,S,2026-02-02,online
5471c3a2-763f-4bc5-9cba-43776ad42377,137712,A,S,2026-02-02,online
4e18d59b-0407-47f1-bfea-3d76fbf1a6ed,9611,A,S,2026-02-02,online
e3a1d4fc-4b54-436f-a8d4-fc3577bf3b36,235267,A,S,2026-02-02,online
33ef8f96-8e2e-487c-810a-669f79b9a5db,334983,A,S,2026-02-02,online
624df6dc-f254-4ec0-a9f6-7d252653d4e3,83233,A,S,2026-02-02,online
44931f8a-23e6-4bc4-8660-7eb2ceaff889,387659,A,S,2026-02-02,online
654e9734-329d-4993-82d1-14b85119dc5c,247618,A,S,2026-02-02,online
7e329089-ea33-4313-83f3-0963377d6233,209456,O,R,2026-02-03,online
a2202ed6-463e-467a-9875-ac10100f3f64,22416,O,R,2026-02-03,online
93934435-370a-4acd-bf3a-a15285d5fb3d,378941,O,R,2026-02-03,online
cb6fe5b8-78ac-4032-9ff8-44ec761571a8,476979,O,R,2026-02-03,online
c4316d89-6702-49bb-90ce-6440c30c75e8,274949,O,R,2026-02-03,online
1cf73cd3-bf5d-412d-971c-811f019a8e55,202218,O,R,2026-02-03,online
45aaa210-4c35-4ec3-916e-c9e89f216f6f,422136,O,R,2026-02-03,online
73225ce7-6941-4cb0-9cb0-a0702a2323c5,460017,O,R,2026-02-03,online
58132301-3fd5-4467-80f1-ae9745dd5e8c,231091,O,R,2026-02-03,online
88b26ec4-6ce8-4426-9eb8-b6c03b6a85ea,446952,O,R,2026-02-03,online
e78e7410-0fd5-44d1-a942-301a0556724c,374601,O,R,2026-02-03,online
110587fd-1cf2-4b63-806c-bb0cf45c77c8,307547,O,R,2026-02-03,online
21259027-9095-40f5-af10-0c5c06952c1d,41244,O,R,2026-02-03,online
ddc5249d-92b3-4086-ad0c-802386d0e713,206079,O,R,2026-02-03,online
693851fe-b981-458a-ab93-d09acc5b1528,325643,O,R,2026-02-03,online
1638b1d1-df9e-4461-aaca-f97f44cfaf64,317472,O,R,2026-02-03,online
67c43e1f-ffaa-42df-aa44-caec758772c1,93734,O,R,2026-02-03,online
83ee7404-1e05-4353-8cd3-ae0fca8771bd,119759,O,R,2026-02-03,online
ba488903-9a27-4b38-8ae9-089574baf302,52051,O,R,2026-02-03,online
5f3db6d3-e77e-462b-a44a-5f7432ee85a3,73950,O,R,2026-02-03,online
0a5b1b50-4a66-4455-b7b7-fd907c368d64,432658,O,R,2026-02-03,online
7317845b-010f-4683-ae71-9d8f03b2553f,424061,O,R,2026-02-03,online
6ffa9277-582b-4c22-81ea-21a8e08adca4,36648,O,R,2026-02-03,online
f1d9c703-f5af-4dd4-984b-0333119b53d8,79912,O,R,2026-02-03,online
27974ded-dbe9-47d8-b90f-5766ae001b44,308764,O,R,2026-02-03,online
068ac231-0340-49b3-9b57-46ee74ef9fd2,195721,O,R,2026-02-03,online
cde9f319-6cdf-4444-ab1d-aa7d541c894e,370961,O,R,2026-02-03,online
dca1b821-5053-47e4-a2da-51ebc2acd7ee,435704,O,R,2026-02-03,online
e9c78741-696a-43c3-83d5-f7400b8ddf91,303926,O,R,2026-02-03,online
b54af5c3-488f-48c5-97bd-aae6a7048f51,327142,O,R,2026-02-03,online
8f970da9-1974-4c66-9ca0-8e0e2c300d21,271856,O,R,2026-02-03,online
56f887d9-a259-4460-8461-1d484cc9a02e,142075,O,R,2026-02-03,online
8fecc3f3-299f-47f8-a103-dd50073f2c99,114811,O,R,2026-02-03,online
be6161d9-de2a-4832-9411-48e85a22af79,299787,O,R,2026-02-03,online
ee09b9a1-109c-46fa-9db1-783837d3b175,179734,O,R,2026-02-03,online
973da886-08ef-4ed1-b6b9-160f4e772db1,40295,O,R,2026-02-03,online
d65a40f7-7d4c-4a96-9bfb-fe8d5224b448,32384,O,R,2026-02-03,online
0a128ab9-fa3a-4041-82b1-83a04b24ba17,147124,O,R,2026-02-03,online
9a2e2ba8-b3df-4c73-91bd-21b6da55685b,96307,O,R,2026-02-03,online
082ecc3c-a22a-4c4e-a2aa-c93bdb1c90b0,126983,O,R,2026-02-03,online
b47d777e-0c59-40a9-905b-2964995df7b9,453003,O,R,2026-02-03,online
d39e80fe-4396-4c70-aa03-3d1930cea465,205071,O,R,2026-02-03,online
4a7ff3ba-dfdf-4015-a326-0ee245e10514,186525,O,R,2026-02-03,online
79e7f95b-03be-4076-874d-f2e3748ea3b9,166682,O,R,2026-02-03,online
d547b343-c77b-4909-8321-5b6110c91f6f,55372,H,W,2026-02-03,online
a1852054-08fb-467b-b8ae-3212a5fa61c0,59124,H,W,2026-02-03,online
8eaf0569-6894-43b9-8979-830a7088c7c1,37249,H,W,2026-02-03,online
45c4a977-c226-4acd-825d-c37dff117db3,105152,H,W,2026-02-03,online
4e2e5722-4765-44d2-ac2a-e2bb3c940a54,57370,H,W,2026-02-03,online
1da4182c-f296-4cc1-a61f-a51ab788bb98,302484,H,W,2026-02-03,online
dd187084-6eda-44dd-9669-8ca92525556d,365137,H,W,2026-02-03,online
54bd795b-8178-4b37-8b4f-37c6131be526,431307,H,W,2026-02-03,online
cb677954-2ad4-44fe-83cd-ba2b90b2d6aa,289615,H,W,2026-02-03,online
d2620c4a-a7ba-475e-b67e-183a8fd4822e,478,H,W,2026-02-03,online
0b31863f-41cb-43a5-aaf2-21b83c1da356,289009,H,W,2026-02-03,online
32aad5bf-9e23-40e2-b0ca-de2f2aa2c919,114474,H,W,2026-02-03,online
d25d82a7-3b68-4d88-8aad-8c96168359bd,388278,H,W,2026-02-03,online
c2756e1a-a7b7-4f09-937f-347461d017c0,462745,H,W,2026-02-03,online
d9caccda-9df7-453e-8942-34a0d3adab88,149604,H,W,2026-02-03,online
838f2128-9897-4c06-b861-93caac32ed3c,52840,H,W,2026-02-03,online
a9af9148-b50b-4213-b64d-1c194738b25c,420708,H,W,2026-02-03,online
e5c9e68b-2e2d-4c84-afcd-626ff749aed6,16656,H,W,2026-02-03,online
b821cc3a-0d09-47f9-8217-5296e340f4df,448476,H,W,2026-02-03,online
3fec47f4-d8f7-46dc-869b-c8c62bf4e582,250378,H,W,2026-02-03,online
e49cdb3f-330f-4411-999c-0b8d9339eab6,212389,H,W,2026-02-03,online
9fb02e06-a8b6-42c5-9d13-714ccf5bd6c0,36714,H,W,2026-02-03,online
ba50114a-ad13-4c6a-b329-77534e1bac8b,41003,H,W,2026-02-03,online
205e7122-774c-45e9-b857-1021b6e7ac94,242098,H,W,2026-02-03,online
34fafe2d-be04-4d17-b043-a29e226ab67b,475598,H,W,2026-02-03,online
714589aa-34a5-4ec4-bc10-801f28f9aa29,497757,H,W,2026-02-03,online
151328cc-2c77-4260-bff9-0a90d006a9bb,148235,H,W,2026-02-03,online
dcfa7a08-f695-4d97-be28-709a380ebf84,217319,H,W,2026-02-03,online
c0274494-a9a7-4923-b306-a37e4ca50ede,292533,H,W,2026-02-03,online
96503f63-f1be-4907-93cd-fb3fca9ea3fd,419222,H,W,2026-02-03,online
1bdc335f-98d4-4461-912a-1f4edbca61bb,461628,H,W,2026-02-03,online
493ce68e-0b00-482d-bd82-5ec6e0848a5b,209602,H,W,2026-02-03,online
ef3d504a-728b-4aae-941a-cf0971a7067f,156043,H,W,2026-02-03,online
5e1d30af-5f6c-4f41-b13a-1db4ed3ab8ed,384103,H,W,2026-02-03,online
7f10ea5c-baf3-4321-8dd3-6c88fed6fa40,159167,H,W,2026-02-03,online
d4768bdc-e19e-461d-88f4-ce11df0f19a1,48211,H,W,2026-02-03,online
a441813a-d2bc-4411-9bd2-12b6323344a6,216995,H,W,2026-02-03,online
32e5abc7-2a53-446a-b985-ed2d557af717,405482,H,W,2026-02-03,online
81417c8b-fe98-4d89-bbb0-9325b5bbee74,216823,H,W,2026-02-03,online
05f0a7ed-7427-46ed-8022-0ff472364a15,83811,H,W,2026-02-03,online
7c683276-ea60-44f4-9637-d3ff1f142ede,180705,H,W,2026-02-03,online
babce601-7179-4b09-b210-3e49939feb0d,198644,H,W,2026-02-03,online
9c3c6c65-faf3-4b9b-860f-9c95b710c828,312421,H,W,2026-02-03,online
2a8c3301-8857-48a1-854f-d4c9ac47b6ad,458476,H,W,2026-02-03,online
76bc859a-67d5-4fdc-8e10-5e6a7c9e029e,159368,H,W,2026-02-03,online
f060cfca-fac1-4b26-8fc8-873c38c15ecf,402193,H,W,2026-02-03,online
e604c407-74d6-423f-b820-7638c1a77f2b,61464,H,W,2026-02-03,online
db4f14e8-0cc7-4f6a-a9f1-3439baabf535,272104,H,W,2026-02-03,online
03e54bf0-d446-4716-a517-5825f0b17a1f,189081,J,D,2026-02-03,online
6c7675b4-403e-4035-a25a-3504f2d43a0a,456456,J,D,2026-02-03,online
81895867-88de-4b42-b816-625fecf40d63,105123,J,D,2026-02-03,online
e470d15b-a3c6-4934-b8e0-794db6ef5e85,264979,J,D,2026-02-03,online
00e1229e-921d-4bd3-83ec-5f17a0c17a91,38242,J,D,2026-02-03,online
431528cb-b5c8-42eb-957c-b21f3a251f13,350166,J,D,2026-02-03,online
c5fed13e-6752-484c-af92-58da3a8ba530,393550,J,D,2026-02-03,online
bc0377d2-b164-4072-b463-f967ff2c0aff,289334,J,D,2026-02-03,online
635f386f-a391-424d-87c5-d49341b73b7d,428694,J,D,2026-02-03,online
f0169824-4670-426e-9994-b5c9e7d6cd6a,302115,J,D,2026-02-03,online
32d458ab-5f7d-414b-8951-62ffaf07f7d0,343584,J,D,2026-02-03,online
3813249f-d2e0-4e42-b706-f65b0e30fba5,422550,J,D,2026-02-03,online
dace66ae-3982-4f3b-8622-d9b4a92aa6c8,174993,J,D,2026-02-03,online
b91b9c35-d809-4c53-877f-c3ab069d90c5,370235,J,D,2026-02-03,online
f7a13ddd-c13d-44f0-9c50-96973b56f615,37372,J,D,2026-02-03,online
1aee6cfd-ce2e-4c86-89de-6eb18b843406,100017,J,D,2026-02-03,online
8799497a-76ae-4dc0-ba54-67dbfc504835,471283,J,D,2026-02-03,online
fc759e55-7dc6-4651-b97c-b76c4803eaec,196228,J,D,2026-02-03,online
4a961a58-c84b-490b-bdd1-3587debd1ba7,417471,J,D,2026-02-03,online
e4089a52-3474-4396-869a-24e6d4bfcc87,107747,J,D,2026-02-03,online
49072a0d-d140-494f-a094-a1bbe2bfe8cd,468617,J,D,2026-02-03,online
cbd86ef3-3c08-4768-80c8-0e934c97720a,64617,J,D,2026-02-03,online
4f420f86-5725-4689-ab1b-1a1465910024,349063,J,D,2026-02-03,online
d467d924-f737-407c-a200-8246e48312a7,88483,J,D,2026-02-03,online
acb90cbd-7a52-44ce-999b-e3c1f55cff2f,199369,J,D,2026-02-03,online
fd6fbd63-a265-46bd-85c2-fbb00254bb49,154916,J,D,2026-02-03,online
a1c7208c-8030-4738-aa3a-576f3826a9ab,370671,J,D,2026-02-03,online
9739e513-a2bf-48bc-814a-7a1d2a47571b,305619,J,D,2026-02-03,online
07e5567c-8bb4-46e4-a94d-c15cf2ced8fc,20040,J,D,2026-02-03,online
ed0a8e2f-c657-4cd0-accf-346abb0a86ad,442958,J,D,2026-02-03,online
5fc9e17e-327f-448f-9c22-57a125cd2224,488466,J,D,2026-02-03,online
25446876-83b9-4ce5-a644-305144fda749,198066,J,D,2026-02-03,online
8094d98a-392f-43ac-825f-9dedfcfd6815,387601,J,D,2026-02-03,online
ff910012-f8f7-4325-bbc3-223d7a9a442d,144319,J,D,2026-02-03,online
21731f18-4749-4b39-9f47-e4459514b02f,231931,J,D,2026-02-03,online
f7383a84-70c8-43ff-8e01-ac9ce50a586f,8281,J,D,2026-02-03,online
88493310-208e-4de6-b4ff-2868051fe01c,492685,J,D,2026-02-03,online
01cb9dd8-0855-421b-97e3-d0db5e755812,209759,J,D,2026-02-03,online
f2ca3b6a-9274-4940-a5b7-555262afa310,54300,J,D,2026-02-03,online
8c17b588-a8e7-4081-a90f-48ebe2fe4a58,314382,J,D,2026-02-03,online
ce33b814-806b-4ccb-bebc-2f05b939ce1c,438743,J,D,2026-02-03,online
b00c2167-aa72-4330-8c29-4cfc65551a7a,379860,J,D,2026-02-03,online
063219c9-de6c-4c0e-a91c-8c406ec8b1c2,262233,J,D,2026-02-03,online
aee044fc-f4ad-4971-aa02-3ef669fc4a05,493873,J,D,2026-02-03,online
27862dec-c7d3-44db-8c23-b17318cdf8dc,360648,J,D,2026-02-03,online
37838a03-47ea-46cf-8e77-adda9451e544,436056,J,D,2026-02-03,online
7d99df1a-f54f-43f1-8a9a-e9f9edbf593d,109727,J,D,2026-02-03,online
be2a1211-8942-4a81-a5f9-db9e34ed67dc,144477,J,D,2026-02-03,online
357aa5c6-394d-4b98-b229-c70db63353aa,274875,J,D,2026-02-03,online
28985421-9cb9-4775-9a14-3cbf04c9f0c6,466798,R,C,2026-02-03,online
4cd5d854-a0a2-494b-b692-da935204a709,225624,R,C,2026-02-03,online
44a17927-d127-4628-b12c-0e3db7ca503c,468048,R,C,2026-02-03,online
398c7a08-11da-4671-8538-62b6ddb3d14b,136943,R,C,2026-02-03,online
f384a71e-68ec-4cac-8306-de32e259f51a,172258,R,C,2026-02-03,online
eec2ee27-8b69-4a46-8125-84187440e301,183458,R,C,2026-02-03,online
927810c0-93c5-4617-88ec-88fb2d29e56d,455078,R,C,2026-02-03,online
9c59c382-a846-449f-a19b-b8d8aa00f9ee,410874,R,C,2026-02-03,online
9caf7a6d-475b-418a-864e-37344d1e0030,478294,R,C,2026-02-03,online
0667639d-8b72-456e-a07e-197b23bfae41,41282,R,C,2026-02-03,online
7e462f6e-21fa-48d7-938b-c6b1e32e9f8f,30458,R,C,2026-02-03,online
a37f24d0-7182-46f0-9ced-6da17dda4838,183161,R,C,2026-02-03,online
8ba0aeae-d88d-432c-b4ad-da60502c1982,154441,R,C,2026-02-03,online
3f545f27-de68-49e6-bb5e-965236e26b39,131077,R,C,2026-02-03,online
28606638-fd67-43a7-bbe3-5f08d8bd35bb,218638,R,C,2026-02-03,online
e4e3433b-3b60-4016-a1ab-0aea756cd985,419117,R,C,2026-02-03,online
07fc1727-6848-4885-abb5-d149a516d79d,196366,R,C,2026-02-03,online
4ee14b17-68af-4d90-82b6-5a884447b074,247294,R,C,2026-02-03,online
81bc23d7-51ee-44d9-bb48-3a7a095fce95,197265,R,C,2026-02-03,online
bf621a06-0040-411d-ab79-897d4f88689e,66163,R,C,2026-02-03,online
93b30b6a-33ed-43c6-8a1b-d16345530025,164939,R,C,2026-02-03,online
d8873b6d-2c5d-4064-8ed2-4c9a7f9dc50f,342297,R,C,2026-02-03,online
d5b82274-1657-4325-bd2e-e790c45eccc7,97906,R,C,2026-02-03,online
64abc636-f3d6-4eb1-9001-c3b0c3ec76f1,227904,R,C,2026-02-03,online
5bcf01a8-d983-4a60-91bc-ceb2baf1c2da,402762,R,C,2026-02-03,online
c8c3fe14-7074-430c-9a2c-ffa221bbda61,273670,R,C,2026-02-03,online
1e119347-4f6b-4677-869f-8fb278c96c4e,209213,R,C,2026-02-03,online
27553d3f-f5f0-487d-a962-1901b63b1c26,123804,R,C,2026-02-03,online
324c7a90-c216-4ece-91fd-9bfd30c880ed,375218,R,C,2026-02-03,online
7fcc5e6e-7c0c-46cf-9315-7f0065a581ba,462302,R,C,2026-02-03,online
1666d58a-b3e9-4241-8e61-a77d962146de,294186,R,C,2026-02-03,online
1be143a4-935a-4a3b-903b-553638f1286f,241352,R,C,2026-02-03,online
e796a12a-b380-4787-abeb-9dbf0a439a08,206412,R,C,2026-02-03,online
f6a5f169-502e-45f6-bba6-062cf94b140c,324668,R,C,2026-02-03,online
334b355a-2697-4a6b-af72-1e49c96a39c2,76550,R,C,2026-02-03,online
e9a86a06-eb21-46c4-a5df-79e0eba6c518,55039,R,C,2026-02-03,online
d4527474-0f40-4dfd-a54c-e9ad049346a3,156532,R,C,2026-02-03,online
f3e9f39b-5937-4c9e-8b45-897064185544,101757,R,C,2026-02-03,online
b31de6a5-5942-4a5c-af20-bd0480218237,496863,R,C,2026-02-03,online
b51666c6-7187-443d-bbc7-2db1e15ea1f7,136930,R,C,2026-02-03,online
dc10d753-dfbb-468c-a458-719851e10b69,340740,R,C,2026-02-03,online
d6614caa-2fbb-4bf2-a62a-8938ed64a506,8527,R,C,2026-02-03,online
f9489de9-bcef-48a1-93cc-d19bc8871c58,24999,R,C,2026-02-03,online
486a3a19-9726-41d3-b679-97ba8f499caf,312349,R,C,2026-02-03,online
e2571a2a-cca5-4d57-adec-30bdcc7c3eac,218760,R,C,2026-02-03,online
a805a9e2-c44e-4d35-9884-37bf49741352,63843,A,T,2026-02-03,online
4d679dcd-4bf6-43f4-b335-5418047c299e,408392,A,T,2026-02-03,online
a1b8e47b-cc0a-49f2-9c39-ad6487fd574b,210540,A,T,2026-02-03,online
661a53fb-36f1-450e-b1b8-7d5cbc53a167,70118,A,T,2026-02-03,online
37580230-3bb3-4984-904a-0254eb33dcba,328951,A,T,2026-02-03,online
4de54736-1b80-4f8e-95a0-276206924c9c,459606,A,T,2026-02-03,online
db862896-55d0-45b3-a06f-6c29560f2f3a,354078,A,T,2026-02-03,online
7dbc4009-e8cf-46af-8949-18dcaff28356,319218,A,T,2026-02-03,online
7712b539-ebc5-4777-9328-cd39bb86b264,12933,A,T,2026-02-03,online
9d5e16f2-f093-4d53-93eb-70da8834dbae,62278,A,T,2026-02-03,online
d41078b9-9765-4d43-8241-66bf56bd8c0e,306184,A,T,2026-02-03,online
fc18ec87-1ba5-4edb-9d84-55e3c8acf501,458125,A,T,2026-02-03,online
ca8f371b-3430-4836-97ad-a440b56e097d,343,A,T,2026-02-03,online
70832330-a89b-43d9-9324-9b52d0608e7b,323327,A,T,2026-02-03,online
be29742b-ca90-4bff-a62c-f7dfe0aaad4a,377913,A,T,2026-02-03,online
d7b3810c-6039-4c9d-ac42-94ace4e7c24e,378107,A,T,2026-02-03,online
ecfdfd43-4179-477a-b0ba-5bbdec0873d5,108537,A,T,2026-02-03,online
a6d03c16-9636-4200-aa26-fe70daf6f0fe,484142,A,T,2026-02-03,online
4eb5138b-9dda-45c7-931e-0a23e21c1ce0,122835,A,T,2026-02-03,online
8dee7003-03f9-4772-b614-ed2904cc2297,456903,A,T,2026-02-03,online
2464de34-4a8a-42fa-ae36-2505f71d0cbf,13484,A,T,2026-02-03,online
dbd41810-7877-4cfc-b4cd-c721c0d96c3e,126457,A,T,2026-02-03,online
9b3dd366-5f8d-447b-bf6e-c2d0616ae64a,459741,A,T,2026-02-03,online
10ba18ad-b56d-4600-b991-689ec44f36be,97602,A,T,2026-02-03,online
3559b268-6a58-4941-b09f-1a19fa84d351,167969,A,T,2026-02-03,online
0a986c06-93dc-489e-85cd-baa30cb5f46f,281369,A,T,2026-02-03,online
d997aa6e-77eb-4fd7-91b2-b01792cf5298,106282,A,T,2026-02-03,online
09b0100d-51ab-4e3e-95e3-0b36df38108b,315402,A,T,2026-02-03,online
cafaae44-acfc-4633-82a3-c0befb769870,449927,A,T,2026-02-03,online
7e79f37a-782b-4618-bd11-c712980cab2a,458807,A,T,2026-02-03,online
6bc25b88-3f1d-4a9e-9943-0880291e0f16,485089,A,T,2026-02-03,online
a4d09058-8463-42e2-aeb8-609a2bab1c96,16294,A,T,2026-02-03,online
a984cf33-3688-42fc-b07b-d42ae7fd9bc0,33618,A,T,2026-02-03,online
9a2870b6-ec31-4d09-98b6-d65071a627c3,177354,A,T,2026-02-03,online
f8d864e9-3fff-4ca0-8013-26fed53efe10,343497,A,T,2026-02-03,online
6e2894f7-5f05-4e1f-8419-9958f133b0d9,61343,A,T,2026-02-03,online
4fa38857-a8ea-4e04-b2fb-90735c33ddee,444336,A,T,2026-02-03,online
dabd05d3-35ed-419e-b391-398a75d2dcfe,290439,A,T,2026-02-03,online
f2f88c89-4196-4173-acb7-c8522f7057b0,370998,A,T,2026-02-03,online
dffba08c-951b-4802-93db-9719d8d44a75,482414,A,T,2026-02-03,online
3192946b-425e-4e47-b392-e0c72ce9fe2f,499720,A,T,2026-02-03,online
2b1191e2-c19b-4ac6-a9ac-8773200b9874,182869,A,T,2026-02-03,online
68710e42-9808-4e44-bf85-a4c93cf2d0d3,203437,A,T,2026-02-03,online
7e863ff5-cd15-49f8-a4f0-03dfc91277ca,369951,A,T,2026-02-03,online
307462c0-e2dd-4519-b087-46221153c823,81397,A,T,2026-02-03,online
f1b32b55-ae14-4a67-adb1-916efd9685bf,343734,A,T,2026-02-03,online
4c31c06f-111a-40a6-a1f0-31af80e6c9b0,238970,A,T,2026-02-03,online
75fd6d38-c72b-4a83-83e9-6d6fe5c81c87,148690,A,T,2026-02-03,online
d347405e-36bc-4a4f-9c72-c8e0e7316d47,195671,A,T,2026-02-03,online
11b0de91-055e-4484-9552-3ef24830d629,235225,L,C,2026-02-04,online
de820226-069b-47eb-ad31-07659c9a59e6,170273,L,C,2026-02-04,online
d14c1af3-59d9-4196-b4e8-17eba0757ff0,262299,L,C,2026-02-04,online
5ddbbc21-bb17-4c68-be78-9a9aa3b25ee5,291200,L,C,2026-02-04,online
13a6ed6d-276c-49fe-92cb-8777f8281bbd,310485,L,C,2026-02-04,online
d5106842-31c5-405d-9d0a-d53251087d68,301523,L,C,2026-02-04,online
0d8ff16b-d947-4972-90b7-8eeada712f75,370297,L,C,2026-02-04,online
a85a6665-1ee1-4b4b-96e0-7d7a4aa9f349,488575,L,C,2026-02-04,online
52249732-629b-4471-b305-cffbe19ca520,95902,L,C,2026-02-04,online
9dc33880-efdf-4e5c-9721-f126fbb00804,341858,L,C,2026-02-04,online
ffad8caa-1da5-49b0-bca5-95595e03f1a1,38907,L,C,2026-02-04,online
76183749-1688-42b2-a556-0dd0c3a28819,488207,L,C,2026-02-04,online
1e4ea467-79fa-407c-b5a1-f0922024a749,319632,L,C,2026-02-04,online
c592ccb9-fc8f-476c-a55c-091b88dac7b6,82992,L,C,2026-02-04,online
9723aea4-bcdb-4928-b3d8-0db9cb4ed22d,210212,L,C,2026-02-04,online
29a0813d-6976-4b03-bfb3-f780ceaeca28,293218,L,C,2026-02-04,online
7d81673b-d979-4597-903a-d11b8c626946,90226,L,C,2026-02-04,online
fb7a5a10-b994-47c5-baf3-5c64e8d3d464,2438,L,C,2026-02-04,online
d2262915-526f-4fb3-9dba-e78656cce95b,200963,L,C,2026-02-04,online
1af87b64-a917-4acf-bd3b-c535c5c3c1e8,244192,L,C,2026-02-04,online
acb8c0ba-2191-46ea-be25-7078c446b86a,52509,L,C,2026-02-04,online
4089d339-05b4-4fd5-8b51-f7d57bd5e596,306577,L,C,2026-02-04,online
97b4fe33-0afa-4080-b9f6-8a92028f8941,36844,L,C,2026-02-04,online
67a4d213-7ff3-40a6-baa7-c265aec07652,479751,L,C,2026-02-04,online
b06f6b27-d2f4-4ccf-920f-4c1148ad6723,39337,L,C,2026-02-04,online
b0bfff6b-e126-4fb5-8f70-bef88ba65bb4,164891,L,C,2026-02-04,online
c25e617c-6f5e-4f49-b944-3b3ff3d68d85,245722,L,C,2026-02-04,online
947af8bd-fe80-410e-ae96-054baf7043a6,412332,L,C,2026-02-04,online
815644be-ff26-4922-a999-82966d59ddc4,312408,L,C,2026-02-04,online
51a89303-7d91-4ead-aff8-e4b02eb59088,253833,L,C,2026-02-04,online
ca8a2dfd-2fb5-4f34-a2f2-035b6deab992,397974,L,C,2026-02-04,online
22f5a557-ad00-48f7-8243-90013ee8f136,358540,L,C,2026-02-04,online
db65971c-cc8e-40d5-bacf-788c0d35e8d1,411981,L,C,2026-02-04,online
c7cb055b-5618-4e98-a840-413618d1e369,481606,L,C,2026-02-04,online
87a6f8fd-4458-40b0-9683-6c60e4a698db,41319,L,C,2026-02-04,online
29b7363a-41b2-4bf5-b3cb-4b06863b1f58,420575,L,C,2026-02-04,online
cf78810d-a804-4764-84f0-70074dd63b3c,192048,L,C,2026-02-04,online
9eed8393-133d-4bd9-a57d-646760b5ab16,57887,L,C,2026-02-04,online
4aeba8ff-ea7b-4afa-9f19-ed9bd6860458,480276,L,C,2026-02-04,online
2c67049a-da45-4efa-bd55-6fe5231ef89a,6686,L,C,2026-02-04,online
de52611f-4e8f-4291-a84e-2f8bd110c21e,216749,L,C,2026-02-04,online
34dcd744-58b6-4bb0-9f55-e4d515c49de9,11215,L,C,2026-02-04,online
7afebcb0-c502-4fb0-aee4-409da8e1135a,345956,L,C,2026-02-04,online
4dce73f3-ac36-4249-b50e-007b10dc0128,418365,L,C,2026-02-04,online
131b2dfb-d590-4857-ba64-bf1554da9fe5,299284,L,C,2026-02-04,online
052ca227-cd94-498f-b6c1-15166e48d2ce,270647,L,C,2026-02-04,online
f60e0368-5566-4dad-8f06-739f6ca0138b,365592,L,C,2026-02-04,online
4d4a07ba-3608-48c7-b3c2-27e63fbb3130,65641,L,C,2026-02-04,online
f8d28801-8c4a-49c9-8585-d59ec0e5a0aa,288509,L,C,2026-02-04,online
8c9ab27c-9b28-4b30-b33f-552ce01e9e7e,150380,M,T,2026-02-04,online
ce06e85d-6a58-42d3-9513-55c474740df2,490147,M,T,2026-02-04,online
343cbfdf-c81b-4587-b53f-e731b817f9d7,196433,M,T,2026-02-04,online
5cdf1ac5-9fa6-4c77-93a7-4d67c6129500,311932,M,T,2026-02-04,online
18394f8e-09a2-43ef-839f-8908c81bea17,242176,M,T,2026-02-04,online
cd7902de-702d-460a-b0b9-67ccc264ba94,482529,M,T,2026-02-04,online
05ca3f69-fa99-436d-8721-c6c34517fe4b,489706,M,T,2026-02-04,online
a263bafb-78ef-4bae-8f45-30a173bd1a5b,124428,M,T,2026-02-04,online
f081e416-0ffd-4cda-b005-f83d059b5f37,461437,M,T,2026-02-04,online
cbc6dd3c-7849-4fef-847e-aac31bd6aeaf,27821,M,T,2026-02-04,online
8c826bf7-8e6b-4ea9-ac89-1ab4e72d20ab,292945,M,T,2026-02-04,online
78a5e08d-f6c2-403e-976f-75dce736df62,176196,M,T,2026-02-04,online
81d3aef0-abee-4374-8735-1b1fd81a0d1b,93053,M,T,2026-02-04,online
48bbd0e6-c9f2-4ea3-86cc-07dc84e0e710,54317,M,T,2026-02-04,online
5ee44bec-caa8-4efa-8a2e-9806c0c8b793,316481,M,T,2026-02-04,online
cb1c3f99-16f7-410e-acea-3d67c0e29c8f,464891,M,T,2026-02-04,online
08776adf-8b82-400c-afb7-f0ff302a20e6,158453,M,T,2026-02-04,online
5fe25591-19fc-450b-a73c-f761ec06be65,194769,M,T,2026-02-04,online
38f97d37-67e8-4912-8bb6-cf74201a9686,385709,M,T,2026-02-04,online
4ff758d0-f5e3-4e00-bd70-d9efa29a5e68,281536,M,T,2026-02-04,online
32a568ce-fa8e-4286-a4c1-f4451c4ab551,288849,M,T,2026-02-04,online
9bcf1685-186f-48f2-ba46-db2c80d44626,247096,M,T,2026-02-04,online
99c623e5-0955-4019-a735-95d38be7a442,196080,M,T,2026-02-04,online
9522549d-6ad6-4988-88d5-48a0440df089,439548,M,T,2026-02-04,online
1d17238c-05e1-4c05-9f9f-3b7a11bec68d,13954,M,T,2026-02-04,online
5a56d5fe-20a5-48e9-87fe-1abc24757cfc,356720,M,T,2026-02-04,online
6de72c8b-86c3-40c6-bd16-e003c79b8e13,491594,M,T,2026-02-04,online
ea993a66-1add-447f-8542-75cf81060d07,452644,M,T,2026-02-04,online
781b9a19-7a0d-4fe8-803c-eef33a8b17ec,445459,M,T,2026-02-04,online
471ff314-7a99-494d-a33b-4252227ea7a9,321105,M,T,2026-02-04,online
d3794544-2dba-49cf-96b2-5fd6f3058b22,119113,M,T,2026-02-04,online
d53fac52-c0b9-4845-af76-6670c3ca0189,341925,M,T,2026-02-04,online
1fa9e1be-c450-4f01-a16c-41f993121437,321095,M,T,2026-02-04,online
73220352-0d33-4c8a-a0cf-95fc29701c9b,490274,M,T,2026-02-04,online
3af448cf-aec7-419b-abde-bde6a1d9a26a,45670,M,T,2026-02-04,online
9ae1e272-7ea0-4a7d-b8e9-19a6af73320c,324760,M,T,2026-02-04,online
d436ff81-77fe-4905-9605-0338404ebfa0,295700,M,T,2026-02-04,online
c575c4b0-366d-4145-b7de-5d9a7661c63a,301805,M,T,2026-02-04,online
b8249938-547b-4c0f-a4c5-7b6a277e9094,57640,M,T,2026-02-04,online
c56cfdbe-9cc0-4537-8637-b51e06cf34ca,60094,M,T,2026-02-04,online
f94017df-a1db-4cd8-ba51-735d14e56291,450556,M,T,2026-02-04,online
5e443895-6182-4310-8be8-f4f4bb956890,212958,M,T,2026-02-04,online
28855b5a-4731-45f6-a7d5-9ff925b3193e,316558,M,T,2026-02-04,online
cc419b55-2b8b-485d-ac5e-0a197787963f,139552,M,T,2026-02-04,online
414266f1-ca65-4488-abb3-378f93c38687,308881,M,T,2026-02-04,online
01ad4b5b-20d9-4ae2-a7ae-1b099f6528c9,218093,E,M,2026-02-05,online
52cb27b1-b2a9-485c-b9aa-64b64e643094,289355,E,M,2026-02-05,online
a70931de-a509-4b75-88c5-a2bd729d6051,178360,E,M,2026-02-05,online
33dd1461-0306-4f56-8b47-73f3fb87e25e,90775,E,M,2026-02-05,online
3c46543a-9d5f-47e5-a485-fa900e733af5,295284,E,M,2026-02-05,online
5a69bbf5-7ff2-44c4-8d03-91eb32b40cf8,156031,E,M,2026-02-05,online
16fb5d7f-a73c-42ba-92eb-e4b04586ce7a,324360,E,M,2026-02-05,online
26fb67ad-31f4-4500-8142-6755a067d204,370060,E,M,2026-02-05,online
f69e0dfa-a540-43ed-9f89-d2d2f476dbf6,23556,E,M,2026-02-05,online
1109cf1b-9d4b-4ae4-856a-d62522f792da,325728,E,M,2026-02-05,online
6c9598c3-f0cc-454f-aaf9-b562a9893313,54676,E,M,2026-02-05,online
a108a4ea-8a55-47d1-9988-d62798a4efa0,496535,E,M,2026-02-05,online
5392283c-5530-4528-ae6f-f7467e9e0126,465268,E,M,2026-02-05,online
8d74e043-dd10-4fe7-ab15-29d0802fc0ea,409506,E,M,2026-02-05,online
5b6f950b-0b7e-410b-a57d-476f8ca62a3b,238874,E,M,2026-02-05,online
ccee15d4-60b0-4b6d-97f1-1e7501cafb57,150562,E,M,2026-02-05,online
7ed4bfd5-80f8-4ceb-a867-2736891c86c3,341080,E,M,2026-02-05,online
1492345c-471b-4a03-b97b-9d495449b3b7,29556,E,M,2026-02-05,online
b41957d5-cffd-4b3a-bc43-89c6514e4328,318014,E,M,2026-02-05,online
51ccad47-822b-4d87-b453-6ef370ec3084,67174,E,M,2026-02-05,online
aa97e6fd-1c3f-4bde-96c4-b9f365ca1054,465076,E,M,2026-02-05,online
d8d67174-6812-4be7-895a-078de63056f3,164645,E,M,2026-02-05,online
21561b5b-341c-409c-bed5-89ce05c7b8ed,407595,E,M,2026-02-05,online
1e0ded76-bf73-4ec6-84e8-5f8cc7cb66e6,42407,E,M,2026-02-05,online
a9de53c0-0156-4a14-8091-0020d7a7f6e3,211807,E,M,2026-02-05,online
24c62a63-b392-40f5-ac74-3d471b40e3a9,19426,E,M,2026-02-05,online
6503d5ba-239f-4297-b2a9-1e61ea8cc13b,231423,E,M,2026-02-05,online
6b91c157-e4a9-46ef-9fda-ad1ccf6cb010,187062,E,M,2026-02-05,online
aac5e6aa-6238-4ac1-b5ec-c2f2494aecf4,227366,E,M,2026-02-05,online
b9ca66af-182d-4f69-8f0d-d6c9cb34e66d,442719,E,M,2026-02-05,online
df92ae46-006a-432f-ac8e-c8c04c7aafc1,427223,E,M,2026-02-05,online
da144ac2-ac5b-42b7-9864-cb938e86f8de,379506,E,M,2026-02-05,online
c1dce3d2-bafa-4fb6-beae-f0389d3f7779,156567,E,M,2026-02-05,online
f71a1294-f632-47e0-96d6-9c39e9792233,422085,E,M,2026-02-05,online
d6413474-670b-4a14-b589-96d48dca869f,398704,E,M,2026-02-05,online
8db32cc9-dc1c-4b85-9687-eaad70a919ac,46502,E,M,2026-02-05,online
89b41d2c-06b5-4ccb-ba2f-7c9907f433f1,359433,E,M,2026-02-05,online
d0889a8d-1aae-44d4-aa56-c222c4226c2f,53681,E,M,2026-02-05,online
82810a79-02aa-441a-9f33-9ea68d9e9cf0,151284,E,M,2026-02-05,online
61f4a021-084a-4e1a-b3fe-7e0055871c3b,297753,E,M,2026-02-05,online
357c4431-3a28-4648-9d3a-c576c98c228b,430537,E,M,2026-02-05,online
55994881-18f1-4cc1-a018-2e37d27d4b25,307083,E,M,2026-02-05,online
2b12ebd4-7232-429d-8050-db47c589b38e,65224,E,M,2026-02-05,online
b06b139c-b438-4dd8-b108-b4a3fcb000e7,351618,E,M,2026-02-05,online
49b78169-b0f8-49d9-873e-a42a16cb6ec4,9942,E,M,2026-02-05,online
c5107ca7-256b-41a5-879b-ee9f7acb96b0,39643,A,C,2026-02-05,online
385a8661-afa0-416d-82ae-2d9c08a3c2ba,215290,A,C,2026-02-05,online
e7e83a9e-76c1-4d60-bcc9-d088414c97aa,53549,A,C,2026-02-05,online
fe82026c-39a7-49e9-8ffd-4c7586230ee9,39677,A,C,2026-02-05,online
421875e9-5362-4ff0-aa26-b962ea8fea27,432366,A,C,2026-02-05,online
5547ee57-81ba-44d9-a30b-1fc4fb8e132b,275363,A,C,2026-02-05,online
deb68ea1-b2e9-4bcf-8710-daac94df2fbc,38695,A,C,2026-02-05,online
841f0ff4-a339-4628-a92d-5427ee5826c8,424231,A,C,2026-02-05,online
23218d24-a073-42f5-9d5a-bf4d2996bbac,379355,A,C,2026-02-05,online
8741ad15-bcbe-4f18-860f-9737e1530aeb,340558,A,C,2026-02-05,online
7e2499fd-491c-4992-b5a4-7c48d993391d,68587,A,C,2026-02-05,online
0b314028-d6cf-4f58-bb0e-79fc8e1f76d7,252910,A,C,2026-02-05,online
a9377f00-58af-476f-844b-6209a939506d,388654,A,C,2026-02-05,online
bbb29715-68c4-4b1c-be27-b3815781831c,445744,A,C,2026-02-05,online
ab027304-dee2-434c-badb-35d88eebc045,355534,A,C,2026-02-05,online
c3740646-c20e-4300-8af5-a410383e1e42,91384,A,C,2026-02-05,online
8036af00-601b-42c7-bbb2-37f2a792833b,378354,A,C,2026-02-05,online
184d3bfe-ddc7-4a43-8a35-2405d3d29d76,371605,A,C,2026-02-05,online
c52945df-973a-41cb-b33b-78e88c328fd1,103353,A,C,2026-02-05,online
d6a536be-0027-4e85-b429-1a321a82622f,68348,A,C,2026-02-05,online
378f373c-4099-484a-8986-caa9b00f8cc7,494386,A,C,2026-02-05,online
b08fe38f-076e-4ced-85ab-3564d9cb7aef,30966,A,C,2026-02-05,online
aa055b52-957e-4d98-b306-c15aa182ea67,190024,A,C,2026-02-05,online
72710d84-91c9-46a5-8e3c-85c3b05a4ddc,46906,A,C,2026-02-05,online
53256dc6-7bce-4442-b46e-42b47a2fb55d,341217,A,C,2026-02-05,online
9fa57275-7741-44d6-90cf-70aff3183a16,373393,A,C,2026-02-05,online
b6b188bb-b22b-4ae0-85a8-e8407c01b9df,13298,A,C,2026-02-05,online
ddab2219-555a-44cf-a89d-2be8dc406437,153336,A,C,2026-02-05,online
79aae8f0-9837-49c9-87f8-9d9995ab7272,406219,A,C,2026-02-05,online
bb2f290b-0262-48fb-8e86-00b878a7b466,323330,A,C,2026-02-05,online
831487e0-65c5-474f-9dad-fe143b5da0e4,368955,A,C,2026-02-05,online
916f707f-e404-4729-94ec-5c730f02871e,375657,A,C,2026-02-05,online
d3879bc1-a6c1-4c2f-a839-2b1b86890c35,358234,A,C,2026-02-05,online
6e2a1789-ebe0-4bf4-95f8-0e2d89510cfb,168357,A,C,2026-02-05,online
d6952e01-8cf2-4b15-8eef-7d2e26465d1e,132146,A,C,2026-02-05,online
5df620ae-3fa0-4113-8b83-35a0856916be,351971,A,C,2026-02-05,online
5fefab88-dc54-4bf8-aef0-bc4d3a711fb8,264138,A,C,2026-02-05,online
12a6ba4e-60c2-46b1-8e30-f86dcdc1c5d9,86975,A,C,2026-02-05,online
1a4a9d03-8340-42f2-82d9-36b4857f49bb,421509,A,C,2026-02-05,online
67864cda-40de-4183-91a2-abb2eac2a072,443832,A,C,2026-02-05,online
44e60a7d-b1bc-4e99-b6b9-8ffd890bf489,309374,A,C,2026-02-05,online
fb310493-d51d-4c4b-b85e-703f119bfe1b,294420,A,C,2026-02-05,online
a5027df0-acab-4329-b193-4ffa056ea7c3,270062,A,C,2026-02-05,online
5947b9a5-6f45-45e0-a36a-74cc72e51f09,268223,A,C,2026-02-05,online
41f47b5c-4288-4764-9a7e-e2703f2d4cd5,470192,A,C,2026-02-05,online
900ef256-327a-41ec-97be-33243bb586f0,141195,A,C,2026-02-05,online
278db93a-3ca1-4639-b480-7c0a2eb5f58e,394980,A,C,2026-02-05,online
adba4905-047e-4937-a1af-c662117a15d4,449055,F,D,2026-02-05,online
7f04a15b-9747-49ca-8c64-cb950d852913,293969,F,D,2026-02-05,online
e2c5941d-c633-4764-bc6c-87ce16d729b4,36506,F,D,2026-02-05,online
9e34970f-57a7-4e43-9b01-720af33c1830,131216,F,D,2026-02-05,online
a10d7a2f-72fa-4a6d-bc22-6318c6d53a3a,182889,F,D,2026-02-05,online
b3160d10-8f82-49d8-af45-c510ace7fd6c,346057,F,D,2026-02-05,online
44291f75-6aef-412e-b9ae-56a22586c53b,474522,F,D,2026-02-05,online
a5123a86-8465-46b6-97fb-0a4869d86512,223662,F,D,2026-02-05,online
413b7a2b-859a-42a3-b924-f9719b7b5108,356646,F,D,2026-02-05,online
284fd29e-6f30-48f1-aa7c-a5f5396775d2,355536,F,D,2026-02-05,online
649d21af-7706-4de8-b309-93a578bba992,294298,F,D,2026-02-05,online
3e60dc16-fd55-4bd2-8dec-74c2249407fc,48829,F,D,2026-02-05,online
f17b9ab7-bdce-4eb0-afe5-4c51f799a86b,189013,F,D,2026-02-05,online
046caa7b-c110-4311-ac67-0f6e54968b90,167927,F,D,2026-02-05,online
2aa3f58e-1101-4ec4-8c55-852e807ca722,452744,F,D,2026-02-05,online
0aa6bcab-c021-466f-8abf-672ec332d3ad,323924,F,D,2026-02-05,online
56cbb96b-3dc4-4ee2-b4fb-907748d25695,423385,F,D,2026-02-05,online
fbd5b5e6-648e-48ca-84b5-d19d2da18c71,18715,F,D,2026-02-05,online
34045044-23c3-4a2a-8317-287bdd283698,441860,F,D,2026-02-05,online
a0704505-bef6-47ea-b8d5-913a2b33fcd4,76610,F,D,2026-02-05,online
effa0199-10fd-4cdc-b98f-a2ce57cc8f2f,475812,F,D,2026-02-05,online
53f67a96-c7b2-4efd-a170-7280ad601c5b,173014,F,D,2026-02-05,online
2671f60f-5c91-4bc0-9f85-1a3d0ffe9893,447141,F,D,2026-02-05,online
bbd11f6b-f8be-472c-b4d2-6e22b0cfb422,484003,F,D,2026-02-05,online
4700cf34-b61c-4243-b022-bcd04109fe49,56591,F,D,2026-02-05,online
ce9ce3b8-0c67-4b89-816f-0c618266f112,79019,F,D,2026-02-05,online
159390a4-ba4a-4a85-b0db-10e5d585f948,283705,F,D,2026-02-05,online
0e83cdd8-cee7-4ede-a26f-93a25c3d4fdb,477537,F,D,2026-02-05,online
e1d0e6fc-dc8f-4397-bd17-bb213ffa8024,341405,F,D,2026-02-05,online
2baf6772-dcd3-41b0-b3a6-2dc11bd06685,411042,F,D,2026-02-05,online
40a6665f-f491-4eef-a25c-16ffe3c1d53b,478993,F,D,2026-02-05,online
b631238e-cb2d-4522-b7d8-026fe1b02de2,305780,F,D,2026-02-05,online
d2a15feb-62ef-4490-b4a1-57858c7cfe34,107659,F,D,2026-02-05,online
2d8f6cd5-6afd-4b94-95c2-ab8cff2fadd4,389153,F,D,2026-02-05,online
1147bf37-755f-4c6c-a5ea-1983ab287835,238140,F,D,2026-02-05,online
59c21f10-5208-4406-ad2f-4af4fb94d9c9,445623,F,D,2026-02-05,online
8784dc68-86aa-47a5-9066-72bdeb9bd2af,284719,F,D,2026-02-05,online
a1dcb4d8-7682-48b4-b8af-e85bf6a63de5,465382,F,D,2026-02-05,online
2b676f5b-20b7-4ced-bce2-5da208dec881,74216,F,D,2026-02-05,online
da770cb9-c4c8-4f02-bb2e-b7b89af3500d,57218,F,D,2026-02-05,online
06e38caf-9354-4248-8016-9f40c57fc66a,325243,F,D,2026-02-05,online
aeff5ec1-f365-4679-86a0-8a12bc9bea8d,186067,F,D,2026-02-05,online
35740456-d932-458e-8b9c-103e31e4fd88,126109,F,D,2026-02-05,online
d5dd92f3-fd72-45d8-aa8d-a14cec12661d,60695,F,D,2026-02-05,online
39cf8e59-b42f-48fd-a6af-9e632e6a045b,6542,F,D,2026-02-05,online
0c6401a3-920e-4b8b-b025-0e49c4eb1c56,97589,A,L,2026-02-05,online
78e4a5f5-0092-4d0e-82ae-41b0fbf93aaa,268407,A,L,2026-02-05,online
48d451a4-4e2b-4f54-bacd-469a90f4ccdc,441453,A,L,2026-02-05,online
e3c08f24-6db0-4911-b2f6-60ce4248f8aa,499313,A,L,2026-02-05,online
61fc3f37-8ee9-484a-b9a6-174d524bd8fb,374980,A,L,2026-02-05,online
7644e011-25e2-4bed-81b5-41ac495fabe9,182615,A,L,2026-02-05,online
ea4ed5f6-2f24-4cd9-b80c-99d5ae362d4a,239777,A,L,2026-02-05,online
fe6fc031-415d-40d6-b92d-e987d4330f43,499054,A,L,2026-02-05,online
8efebc6f-0292-40ce-88ab-9a390eb2dccf,452280,A,L,2026-02-05,online
7ed229cf-2136-46c0-ae70-f79120f8a1bf,402257,A,L,2026-02-05,online
6461d30d-8563-4bd6-8394-b79ef19d22f9,136127,A,L,2026-02-05,online
db5e80b4-a25f-4fde-8cbd-7d964abdc39d,253241,A,L,2026-02-05,online
25fdbefc-4647-4a15-a84c-20567ac0f1d9,84058,A,L,2026-02-05,online
ef459775-3827-4124-9136-7abef17e7a65,78447,A,L,2026-02-05,online
4bb09aa2-3a33-4795-b100-655ae59b9e98,62815,A,L,2026-02-05,online
700d103f-7613-4b97-b652-9ce29a83cb69,216207,A,L,2026-02-05,online
1fd02b42-5971-49bf-82b8-0404831ce46e,162664,A,L,2026-02-05,online
7728e867-ff15-4ecb-909a-9f3e2faa1dfa,427673,A,L,2026-02-05,online
b41fc812-c3cb-433a-b0ef-06a6b49fafb9,32175,A,L,2026-02-05,online
9f64b1f4-107c-4728-aa74-ee73244e0fe6,441350,A,L,2026-02-05,online
cc607b78-c352-4cfb-9e10-fd585a18ed4f,70977,A,L,2026-02-05,online
03986803-87e4-4bc9-a69c-76a8698cbb34,289599,A,L,2026-02-05,online
4cbfef75-e3aa-46a2-bc79-253bbec2eacc,393464,A,L,2026-02-05,online
05c5ddd7-f035-4cae-b527-96acd5d8f52c,25710,A,L,2026-02-05,online
52b016c0-0124-4d77-80df-48e3cfd2fbfc,364746,A,L,2026-02-05,online
c9a235eb-4215-44c7-ba8b-bc4c0e136322,10424,A,L,2026-02-05,online
468a57fa-87d9-4cbb-bbf2-f9377a65c45d,335075,A,L,2026-02-05,online
3ad7b717-0a81-4f2d-bb2c-07ab6b8cb217,176520,A,L,2026-02-05,online
34328fa5-f6a6-4cca-ba76-bac0eca9f476,393087,A,L,2026-02-05,online
3e561dc5-2067-4a94-aa6c-034e80bceb2b,300045,A,L,2026-02-05,online
5061be35-32da-4a19-adb3-8ff86b8c3ece,25681,A,L,2026-02-05,online
4d5b6950-9d5a-45be-82f0-c7b610cfcb5e,340439,A,L,2026-02-05,online
1f75b90d-ddff-4a72-95ef-aedc6732792f,347309,A,L,2026-02-05,online
1b4769a8-746f-478c-8d48-edae8618c69b,487539,A,L,2026-02-05,online
cd463399-5e0c-43fc-8a7f-aa6f0e0e4591,258893,A,L,2026-02-05,online
50e9ba6b-56da-4e63-a70b-0f2914f72e4e,104321,A,L,2026-02-05,online
18de3359-ae9b-495a-aae2-6a5d7422acae,688,A,L,2026-02-05,online
1aa8243b-89b3-4884-af31-bf84ed1b48d5,192210,A,L,2026-02-05,online
6ca2b04e-56af-4b6e-952f-cc1f3acbdc3f,50590,A,L,2026-02-05,online
9dd9fdc1-9734-4efe-8985-d926a3472778,284545,A,L,2026-02-05,online
5aeed294-e8c8-48b3-a436-fedd236ecaf5,173573,A,L,2026-02-05,online
de4873ce-0c95-433b-bce8-e7b08f60859d,192226,A,L,2026-02-05,online
36652bb5-3efb-4e74-aa6e-a20c2a78b823,183971,A,L,2026-02-05,online
c3ee2f8e-4da6-447b-b860-adc85ac8459c,277761,A,L,2026-02-05,online
23a95a05-00f5-4553-952c-5df90f4258f2,398705,A,L,2026-02-05,online
4e5b4838-1c2c-40b5-91fb-bb53b107d86e,371303,A,L,2026-02-05,online
40cb7f76-9ddd-4a10-96f2-d59a41d7319d,401936,F,J,2026-02-05,online
b1295691-87a2-4814-8677-80277180d190,374740,F,J,2026-02-05,online
564cd3f5-f83b-4703-a526-03fab67065b9,81000,F,J,2026-02-05,online
de6f5296-e045-4aed-b760-f15fd6dca7fb,165354,F,J,2026-02-05,online
0a67fa74-e238-44a4-8628-d4f43e53cb8f,109231,F,J,2026-02-05,online
6a56c7cd-5baf-46c2-9da5-20e534f3b111,39512,F,J,2026-02-05,online
89545af8-fdbf-4446-b72a-3dc9e91190e4,341181,F,J,2026-02-05,online
b4768f89-47d2-4529-b7d4-88802dd81e32,440925,F,J,2026-02-05,online
03fe9c31-8fcf-4249-a6ad-373bc8664220,301567,F,J,2026-02-05,online
85692de9-9789-4986-a212-30b4ee45df42,14608,F,J,2026-02-05,online
a1ac109b-59c0-40ff-a37e-f7822652440b,495048,F,J,2026-02-05,online
f7a5b4e9-7bb6-490a-a23f-a130c12b9512,356416,F,J,2026-02-05,online
53d589ea-9396-4161-8c37-7a29ca62a5a8,251941,F,J,2026-02-05,online
987ea7dd-7a81-4490-9125-674f228e9a92,196029,F,J,2026-02-05,online
52593c6c-4ea7-4966-8e89-2c56649cdd4c,346378,F,J,2026-02-05,online
96602882-b441-41df-a645-ae58034936a6,311952,F,J,2026-02-05,online
7a877ff1-1cad-4538-a221-383ef97ed222,101115,F,J,2026-02-05,online
8d473dca-b6d2-43f7-9889-c963a13bf197,78631,F,J,2026-02-05,online
d51dbf9a-7d9a-4d8e-a08f-ce3845c88efd,203792,F,J,2026-02-05,online
78fd2f8b-fd9a-40d0-8e03-d79a94c3ab97,448623,F,J,2026-02-05,online
a94043b5-c01b-4570-95e1-40537b3f0ee2,240584,F,J,2026-02-05,online
b82c9f0d-40a1-4d6b-92ff-1a686ef11203,319371,F,J,2026-02-05,online
29d07fc0-39a4-4b9c-a7bd-21b3ac3d9fc9,410797,F,J,2026-02-05,online
6103962a-14c9-45bc-8e9b-80aa79e7c863,281143,F,J,2026-02-05,online
c6fa22b6-4949-4581-8562-228754f86d58,185114,F,J,2026-02-05,online
528bcac1-308b-413c-926e-ada231a4a27a,214820,F,J,2026-02-05,online
dcb6cf1a-b89e-44ff-87c6-1327bef14070,85779,F,J,2026-02-05,online
89ed309b-85f7-479c-8986-7a857ebe6a2c,450304,F,J,2026-02-05,online
96d56439-0d3e-4484-85a6-12f392d1c82a,289365,F,J,2026-02-05,online
4a7362f0-5429-4c34-a907-1f9631698dca,39317,F,J,2026-02-05,online
0c30bc73-537c-4a83-adfb-a5a07a0eb430,210279,F,J,2026-02-05,online
07f6f9c2-70fa-4657-9678-db2cfeea180e,141537,F,J,2026-02-05,online
533d127c-9e03-47a7-acc3-2fb9d5f3afd0,185125,F,J,2026-02-05,online
a0d49eee-6ff5-47c2-bc8a-3197fdf7c5cf,92187,F,J,2026-02-05,online
f534b75f-52a9-44ec-9574-660895dd7858,74602,F,J,2026-02-05,online
86257572-4f29-48da-940e-de60e6e32314,450008,F,J,2026-02-05,online
34747b0e-3308-4a61-b2fc-414f25fa912d,270503,F,J,2026-02-05,online
4115d643-1b34-43e0-b0b4-b93d11ead58a,204010,F,J,2026-02-05,online
7a68ce67-8019-42a4-a6fb-fe2c923172ff,221595,F,J,2026-02-05,online
82b5d1e1-6c73-428a-af07-fa6e15d04046,144934,F,J,2026-02-05,online
556fdc1a-b427-4acb-af51-dd9fadba5ae5,167631,F,J,2026-02-05,online
f2a44b34-15b5-418b-b2bf-6bd3c2677442,234070,F,J,2026-02-05,online
5121c02f-3024-49e6-b189-1f6e2c702d87,490154,F,J,2026-02-05,online
81f91d4b-b1a2-4c7e-ba4c-ebee3a08b16b,224671,F,J,2026-02-05,online
69e4c131-327a-46c3-bfe8-bda43bee1d96,83218,F,J,2026-02-05,online
5145136b-e5ea-4693-a37c-24ba105b30b4,59521,F,J,2026-02-05,online
66b6abec-9d0a-4c46-90ab-534e1dc08676,36651,F,J,2026-02-05,online
01782c8a-b54f-4a80-ba5e-5c139f93c3fc,80351,F,J,2026-02-05,online
8652b81f-d54a-4c6a-b6ca-9db063c7afcb,252057,O,J,2026-02-05,online
5d9841a1-16bb-417b-8a03-9bcd1d88de6b,181124,O,J,2026-02-05,online
1fd4e837-4c50-44a7-b614-87c3666f64cf,411694,O,J,2026-02-05,online
6c14fa9f-1187-40a8-8d2f-5e15c30e6064,334944,O,J,2026-02-05,online
22b8ecfc-caec-4999-9b55-bd2b37745401,192929,O,J,2026-02-05,online
6433f1c2-ef69-42f7-a9d3-de77530fc5b5,446705,O,J,2026-02-05,online
2001c90d-8b64-4133-b678-3b467817b4c1,87275,O,J,2026-02-05,online
cd5d9c2e-7693-47cd-8ce0-e36559690b5f,234235,O,J,2026-02-05,online
0220414c-7a04-4d64-845f-f6a47ad35794,370743,O,J,2026-02-05,online
d36bc11f-c5b8-4804-ab1c-c58a88ec8228,108480,O,J,2026-02-05,online
825d0a6b-6c2d-4055-b90d-92e2bb10cdae,267596,O,J,2026-02-05,online
d8df0973-7716-4151-893c-308e33663603,306203,O,J,2026-02-05,online
80725a2f-21bf-48fe-943e-6b4f55fdd112,429084,O,J,2026-02-05,online
7f386a3a-129f-48f2-93f3-7da8de4af309,442179,O,J,2026-02-05,online
9ca79db0-b25b-4477-88cf-0c5f5000005a,425220,O,J,2026-02-05,online
ab441c55-f432-4c5d-b74e-15b291665f3a,13295,O,J,2026-02-05,online
9c84b363-4045-48fd-af33-41aefcfd8181,213869,O,J,2026-02-05,online
d7a1ccc4-5187-4890-9833-3b66ced96907,108203,O,J,2026-02-05,online
ab753923-e36f-40e5-89c6-fb3de5c54bbd,107776,O,J,2026-02-05,online
02dc301c-ac9c-4078-b926-3771882d362b,114339,O,J,2026-02-05,online
8102222b-48d0-4b0e-92c9-a029e80047b0,455858,O,J,2026-02-05,online
be0c7370-f2b9-4e39-886b-42e682cdccca,162925,O,J,2026-02-05,online
62234944-7197-48ff-8340-d6f57ac0455e,128629,O,J,2026-02-05,online
2ba15882-bf87-4780-b13c-0118351fd449,95830,O,J,2026-02-05,online
7cb35c5e-5a88-4b29-8c60-54d585ee0a89,415602,O,J,2026-02-05,online
4520e5fd-cff0-431a-a4af-194252dcabdb,41893,O,J,2026-02-05,online
e63c8a4c-ba32-4d8b-b442-c32a81ae36a3,76464,O,J,2026-02-05,online
e490614f-2cad-4a09-a145-bc71b53eaef6,473102,O,J,2026-02-05,online
f07ac926-6292-4b1b-a49e-b7c2c407a43b,442672,O,J,2026-02-05,online
9459f011-8009-4089-ac52-98364b8e6bca,403931,O,J,2026-02-05,online
c24c7d36-39c5-44aa-87e7-453b1fbd93d1,391922,O,J,2026-02-05,online
5f4843b5-64dc-4e8e-a184-a6824c5c55eb,367679,O,J,2026-02-05,online
8116ebb5-9a87-4bf7-857e-fb67f46e2b3d,434938,O,J,2026-02-05,online
09595f96-b226-4335-b6ed-6b5567395ca5,414534,O,J,2026-02-05,online
4b80bf26-7ee2-4bb3-830b-c8c68e199b39,365328,O,J,2026-02-05,online
cd072926-68e2-49f7-8143-e44f4b371333,138039,O,J,2026-02-05,online
2d8b3563-7907-47c7-a5d1-2549481e9b40,386854,O,J,2026-02-05,online
05fa7291-b452-4afc-acef-188339be8bec,67794,O,J,2026-02-05,online
8118db9a-deb1-402c-88b8-2c5b4b64e048,116823,O,J,2026-02-05,online
ad69369e-fac8-44b3-bf71-6ae5dcca103f,287534,O,J,2026-02-05,online
73b7fb2f-b465-48c0-9308-08b2444a8073,206098,O,J,2026-02-05,online
88d558b6-4796-4b2b-885f-0e6a906b0b5b,366746,O,J,2026-02-05,online
73f29af9-801d-4344-9c74-c4785214d7f1,340817,O,J,2026-02-05,online
bf56b2ae-dceb-469f-819b-de3953e66f52,302604,O,J,2026-02-05,online
1bb561db-21cc-454c-8456-f11b785e1bb9,97109,O,D,2026-02-06,online
9c76667a-ce99-40bd-8345-f3391792a870,466802,O,D,2026-02-06,online
2be5f8d9-cac2-4068-9112-7df4f7b703ce,416693,O,D,2026-02-06,online
bc224d49-e035-4725-b3a1-1f8339433da2,132574,O,D,2026-02-06,online
a424926c-d2ab-4b21-a257-9d1132bb4b6d,270572,O,D,2026-02-06,online
df853cc7-581c-4474-869e-ac507f255214,77163,O,D,2026-02-06,online
878fb439-e530-4642-88ec-3086fd7f5538,53866,O,D,2026-02-06,online
20956057-8f7a-4ab5-b560-6ceb53c50ccb,141434,O,D,2026-02-06,online
5405244a-720c-4225-8182-f819ed6a2752,71682,O,D,2026-02-06,online
ea12d319-e73d-41fb-997e-d615f83092d4,238277,O,D,2026-02-06,online
c4889f27-8fe8-4118-85ae-d240ae8163e1,286206,O,D,2026-02-06,online
4b2d9e4f-6a14-49fd-ae60-4b1f205f6ecc,166231,O,D,2026-02-06,online
57ca4b62-2a27-45a4-92ad-d633caca3c8f,273348,O,D,2026-02-06,online
4ce9f6a3-ce08-4eb9-b7a0-6feb7a7b545d,273116,O,D,2026-02-06,online
942ac59b-7829-4016-9a53-ee5b21efcc1d,5434,O,D,2026-02-06,online
8f33b98d-db04-4d0d-a535-bdebbd232e4f,18011,O,D,2026-02-06,online
a206754b-8f4a-47d1-b524-1a7c285ff318,322167,O,D,2026-02-06,online
f8c51239-af99-4eb4-b390-9763cd832407,376401,O,D,2026-02-06,online
6ca8a549-abee-4ccf-a241-470dafd34764,389215,O,D,2026-02-06,online
90c4b2e0-c820-4c33-8850-151c5693630f,49233,O,D,2026-02-06,online
a60f38c2-0db1-4090-9955-1e40d4007f31,380950,O,D,2026-02-06,online
d561696a-b2e1-4fe8-9329-184311005a6e,320441,O,D,2026-02-06,online
fd465f24-4901-415e-aec5-fee57abc28e7,395969,O,D,2026-02-06,online
c8164169-360f-466c-a744-6d63d8edca19,348432,O,D,2026-02-06,online
51d54227-5a99-4e54-aed0-2cdeaf06e583,447135,O,D,2026-02-06,online
f6661ea8-3d43-4b14-a2ba-406d81ae5c3f,451284,O,D,2026-02-06,online
7d71df08-1788-4743-bdb6-185efe66ccb1,399140,O,D,2026-02-06,online
e3fa4024-63c5-4b4b-91e2-38f64bf5181f,405619,O,D,2026-02-06,online
43bd599a-b8bb-4896-a62b-d8ff5382f293,373616,O,D,2026-02-06,online
eb658e5f-860a-4c34-9fd2-c48c9a77c742,265454,O,D,2026-02-06,online
f577ab46-38fb-40df-ab10-768ba4397f48,132826,O,D,2026-02-06,online
8f2f6938-229f-41f0-a435-3f1671241f16,166284,O,D,2026-02-06,online
32f738e5-286b-4eb5-8c44-e9d6ed34d5e1,97578,O,D,2026-02-06,online
71b7a50e-a921-4bdd-b343-886cf51df628,319298,O,D,2026-02-06,online
9a9ed8b9-ada2-4128-80e9-f3eed11a0b18,348533,O,D,2026-02-06,online
6ed2eed3-c55d-463c-892a-e5c67bfc90df,246949,O,D,2026-02-06,online
99d5b408-5420-4708-820d-306719b3f7e0,119552,O,D,2026-02-06,online
0ed1e167-c3e2-4b08-91d4-a763b75a01f7,227694,O,D,2026-02-06,online
feaea03c-abc8-4a91-951e-e25ae542a803,336422,O,D,2026-02-06,online
b2ea1795-2050-454c-bd77-7716e96d1b57,226074,O,D,2026-02-06,online
4828c612-334e-4a9f-a87c-77f049ab6d2b,489686,O,D,2026-02-06,online
65926ee1-606c-46f6-bf94-8aab3720fa44,171946,O,D,2026-02-06,online
23217514-b8c1-4793-8b43-14424591cee8,223413,O,D,2026-02-06,online
2d3eed1e-e719-4c25-9d9b-92ac45e721b1,14887,O,D,2026-02-06,online
6452239a-41f5-4475-abee-6f8dc0e3d10f,481619,A,W,2026-02-06,online
a8fcc2ce-8f22-43ff-acdc-eb03109bf752,134010,A,W,2026-02-06,online
9aba1d8e-9cbc-4484-bf05-6655e3d16e7b,34514,A,W,2026-02-06,online
edb36b0b-dc94-404d-be64-acb8ece6c3d6,306250,A,W,2026-02-06,online
eb70d6e8-3ec5-4ea0-a2d9-2650bda3d4c0,74378,A,W,2026-02-06,online
b7533f32-8726-426e-a6ca-6e51ae300ea0,181587,A,W,2026-02-06,online
c4950990-653f-4a9b-b4f4-63b8ffc96669,357728,A,W,2026-02-06,online
f3d5696b-bfa8-416b-b236-319462f0bd37,46018,A,W,2026-02-06,online
cee5b47a-12c7-431a-9d65-065991db2718,388395,A,W,2026-02-06,online
668714a7-a666-478e-81ef-be1c27321a08,172532,A,W,2026-02-06,online
f18c7631-66ea-4b34-a7fc-be50f72ff50d,79333,A,W,2026-02-06,online
503d16c1-8333-4d0f-aa3e-be5758b0e67c,62589,A,W,2026-02-06,online
fdb265e0-46ae-41a8-8f94-3820688fa7b7,254147,A,W,2026-02-06,online
f336e9ec-4ffb-40df-be7b-c6ed4e05bdb4,148,A,W,2026-02-06,online
ba645f51-f86a-4056-9cf4-c83a2ed42d2b,116054,A,W,2026-02-06,online
25d7f893-0d3d-4788-9397-4db6a21f80c3,288029,A,W,2026-02-06,online
bd156a69-45c0-4cda-8612-a647d716e2f7,315696,A,W,2026-02-06,online
afc30dc2-078b-49dd-b5b7-c9f6d1baf36a,37799,A,W,2026-02-06,online
829e2923-419e-4fb2-83e1-c140ee538bf3,43677,A,W,2026-02-06,online
f8f75676-f938-4fc5-bcb6-24885cd7d882,428386,A,W,2026-02-06,online
66b549f4-e095-4bf0-a525-281d8e3f5672,90689,A,W,2026-02-06,online
4e5f618c-8326-44be-9bac-6d4a5cd31641,3912,A,W,2026-02-06,online
7af19f83-afa0-4144-9202-2d4a21883d24,304048,A,W,2026-02-06,online
46929bcf-76db-459a-b67c-d71cc3d1dd5f,441779,A,W,2026-02-06,online
2f93276d-54be-4113-9782-10341a78803f,410203,A,W,2026-02-06,online
dcf5dbd9-52bd-4ff9-a6b5-41991e2199b9,65424,A,W,2026-02-06,online
07b18e49-f647-4c7d-b625-22ad9ae49c97,472005,A,W,2026-02-06,online
835d2687-5cec-4b08-9405-1427aecb9b5f,396316,A,W,2026-02-06,online
f93c4b10-4017-46b3-a829-3b3842853e68,101504,A,W,2026-02-06,online
0ca2f0f3-e8ce-44da-a50c-7384190cc75b,95606,A,W,2026-02-06,online
e50bbee5-7516-4120-9c4e-c8b7539ca7f1,485307,A,W,2026-02-06,online
26ae4534-fa15-4f4b-947f-1a48d0993a9e,401609,A,W,2026-02-06,online
b4d2ed3b-c85d-4a81-aba0-64ca5157eddb,99903,A,W,2026-02-06,online
7ec023ac-2911-4e26-b0ad-5f0eee4c0722,407639,A,W,2026-02-06,online
1ee9d31d-0ea9-4d69-b01e-84d346e501e0,139714,A,W,2026-02-06,online
fd03011e-a169-4949-befe-df101f9ee7a2,36078,A,W,2026-02-06,online
e568173b-ae86-427d-aa01-54ec5d0145d5,191527,A,W,2026-02-06,online
beec93da-7a73-427f-acaa-3318b01f74a3,248240,A,W,2026-02-06,online
e567a955-202c-4098-9740-193e8bf743bc,47037,A,W,2026-02-06,online
00905b77-9859-4e0c-bae8-4d8bd9c1b827,267301,A,W,2026-02-06,online
1341b47a-c3d4-4d58-9467-0f0c6d357f44,207805,A,W,2026-02-06,online
8c6935da-b708-43e5-86a9-7ff22c4a5aae,112845,A,W,2026-02-06,online
796cbb8c-79b3-477e-bb56-273938aaadf0,495224,A,W,2026-02-06,online
f57f9cf5-731c-4a0e-b215-904d794e1da2,154271,A,W,2026-02-06,online
3d513fb6-f853-4098-ba94-f096a477fbba,381290,A,W,2026-02-06,online
82afc656-89db-434d-bcad-c65bd85085e7,214933,A,W,2026-02-06,online
ed0bc1c5-f15c-4776-a694-3f0d23dd6498,175595,A,W,2026-02-06,online
6098aab8-c936-4eb7-8f73-c8aa64ab160a,150229,D,H,2026-02-07,online
f9712d8b-eaa0-4fa6-bb22-e3fa04487638,305243,D,H,2026-02-07,online
24e62b67-1a2b-4ff3-b35e-ed1c42f3969f,134489,D,H,2026-02-07,online
7a2da06c-1009-41de-9649-d9d4e374c89c,199206,D,H,2026-02-07,online
7e506756-cb5b-45ba-bfe0-d81a950c539e,239286,D,H,2026-02-07,online
59fbe4cf-ed27-41b1-a7cf-33b48a8bc361,155524,D,H,2026-02-07,online
92e40318-aae9-4a7e-885b-ad8a8d5b3722,232032,D,H,2026-02-07,online
04b86c1a-0287-40dd-b67a-3a605f7f5586,469512,D,H,2026-02-07,online
386fab33-6937-41ca-b2a8-0754be5f4174,455926,D,H,2026-02-07,online
436449d9-3563-4f87-8d96-cca2028e373c,252315,D,H,2026-02-07,online
5f43f623-c892-42af-8c3c-17c8a5b0f7b5,335741,D,H,2026-02-07,online
c4071054-ccf5-4f8c-a725-4b79801a0a99,99473,D,H,2026-02-07,online
82b971e8-d961-45bb-9911-e8a5223096bd,261710,D,H,2026-02-07,online
305217f6-ea72-49f5-b3c8-0a7ccb5b2a44,470818,D,H,2026-02-07,online
d5fe673c-f10a-4c81-9812-a9d445968af5,132744,D,H,2026-02-07,online
b5e3680c-19f7-48c2-944e-5c28d80d8af3,480654,D,H,2026-02-07,online
3bd6b90a-7a8b-4642-a2cc-0d25823d6e34,139491,D,H,2026-02-07,online
f45d35e4-0698-41ae-b413-80e3e9b76967,302714,D,H,2026-02-07,online
54d020de-7a8c-4bed-a48c-d6b3fd182f9a,206920,D,H,2026-02-07,online
f51cd8b9-5e52-4d3f-8613-468c3c9baaab,293438,D,H,2026-02-07,online
9d2df1b4-d864-4654-ae8f-78a389de1a80,90552,D,H,2026-02-07,online
4e8db669-93b6-4398-a5c8-6b148742aee5,432323,D,H,2026-02-07,online
e2223a54-2f33-4e96-9e43-0ed3e2e47b7d,262289,D,H,2026-02-07,online
3caed0d0-31e8-4971-90c3-7b54a7afd92f,290995,D,H,2026-02-07,online
824d5b73-04c4-4baa-9265-4a0430109376,332061,D,H,2026-02-07,online
34bb84d6-2791-413e-8b0e-7c32939e0333,19853,D,H,2026-02-07,online
d74e8286-f4bb-454d-8ce9-1446df94ae85,74519,D,H,2026-02-07,online
c4087e0f-e95e-4869-8f4c-fe3aa68efaac,408434,D,H,2026-02-07,online
28e6eccc-3421-4d67-8dfe-644fac405a38,95413,D,H,2026-02-07,online
241a87b0-abe8-4efc-92f5-e67c0af6383b,476761,D,H,2026-02-07,online
39841cb6-382e-4e1d-a8f6-eef1dc6f3011,118856,D,H,2026-02-07,online
dbbae481-d3e5-47c0-a556-195912e4f61c,207224,D,H,2026-02-07,online
76279267-2d2d-4f7d-9155-14694420800c,69866,D,H,2026-02-07,online
2c614010-cd7a-407b-91e1-f32bc40ecafd,13052,D,H,2026-02-07,online
dc0b6453-b901-4abe-bfda-379c97c7df63,190012,D,H,2026-02-07,online
aa3275fc-ddb8-476d-aae6-348d9538f14a,428391,D,H,2026-02-07,online
c08d0390-e187-425c-8b08-12711c6097e3,15266,D,H,2026-02-07,online
35709d67-4aee-400d-9112-4e6fceda86ea,301733,D,H,2026-02-07,online
c2d32ab1-270c-49f7-a32e-24b26dd76b60,105279,D,H,2026-02-07,online
84eb3f16-668a-4f98-b262-2256dc80bd09,71751,D,H,2026-02-07,online
6d47b573-0d32-4392-a45e-668e68f8ef82,232794,D,H,2026-02-07,online
7ea6e0da-60c6-4b2e-9598-1e7c8b599fd6,79094,D,H,2026-02-07,online
b85f931f-1940-438a-8bf1-3772afe26ebb,289153,D,H,2026-02-07,online
35434e4e-8cc7-460c-8797-1a4a01a966e3,176506,D,H,2026-02-07,online
debe0325-7d67-45ab-8be5-9afd121daa25,136016,D,H,2026-02-07,online
42228943-1d6c-451e-bb18-d161bd3c451f,111861,H,R,2026-02-07,online
25dab1a7-3e38-4bf9-96f3-3406b188787e,424716,H,R,2026-02-07,online
075a0eff-e3dd-4699-bcfe-aaf0167d33f1,461645,H,R,2026-02-07,online
1a0f25d9-1859-465d-858d-bfe181f4ffd1,297150,H,R,2026-02-07,online
550a032b-e755-4a23-bae4-3a46ea23ec9c,360096,H,R,2026-02-07,online
4cee8ecc-7e31-43d1-b010-446f2c467611,2519,H,R,2026-02-07,online
3b840ace-9f8f-431f-9d2d-b15a819c0c3d,272717,H,R,2026-02-07,online
a1dfdd2f-dbd1-407b-88c0-4e4e09858415,268812,H,R,2026-02-07,online
e942d860-7c85-40fd-9293-cfdfa7be9ea3,113222,H,R,2026-02-07,online
37043588-c5fd-4482-bd58-8b6596ff658d,364753,H,R,2026-02-07,online
87d76117-ce61-4254-99f9-a4066a4c356f,57961,H,R,2026-02-07,online
ecd4a2db-9888-4ffd-8eca-eb1dfcb37e57,22805,H,R,2026-02-07,online
ab9d697a-0cb8-4527-881a-9ea7f453c08a,284665,H,R,2026-02-07,online
5b697eea-4e3b-4ac3-b994-ef56b50030d7,442289,H,R,2026-02-07,online
0d9ac2c0-681c-4b78-9730-fc554ff20f1f,491875,H,R,2026-02-07,online
7923c9b5-c14f-497e-9169-ca07f92b1bf3,51626,H,R,2026-02-07,online
3f3016b4-7897-4c1c-9185-b8e46a76864f,65748,H,R,2026-02-07,online
4949472f-1058-47e6-84f4-fdab5edade7c,57138,H,R,2026-02-07,online
c7e39b10-a74b-4cfa-b424-f3f885e28292,107595,H,R,2026-02-07,online
19bfa81c-8a1b-4648-8500-23ba495e5a4a,88362,H,R,2026-02-07,online
f8d16049-ad1a-45c1-9698-e9c2f57c033e,25574,H,R,2026-02-07,online
41720f57-7cc8-4edc-a878-bd2bd9281d1b,39419,H,R,2026-02-07,online
e44b6e0e-6b80-4015-9884-b0b8131ef91d,339848,H,R,2026-02-07,online
01608af8-1d0e-4861-aeb1-497344f89ddb,468935,H,R,2026-02-07,online
7702d848-39dd-46c5-ba45-eb3447f14147,360563,H,R,2026-02-07,online
dd854822-c3ff-4b01-aa7c-b8cbe81e9d90,266062,H,R,2026-02-07,online
8d0c1e5f-4cbf-49b8-bfd4-7c5534c94b6c,394251,H,R,2026-02-07,online
b90b53e1-70df-40c3-8f99-108fee25558c,262365,H,R,2026-02-07,online
b77d4501-3bac-4e82-934a-9483b26c4d8f,225800,H,R,2026-02-07,online
19e8f541-f953-4d49-983c-679bb19b4616,24296,H,R,2026-02-07,online
1a991344-9504-49e6-bb45-f191445d9efa,144566,H,R,2026-02-07,online
8f303126-ef7e-4a71-98e5-f2915df9f06b,156107,H,R,2026-02-07,online
806417f2-99b4-44bb-b8b6-aab751948e1d,406494,H,R,2026-02-07,online
7c3bf1ad-13f8-40dd-9ba5-b63873e2ac9c,55374,H,R,2026-02-07,online
34457bcf-b366-47c6-b66c-07021c0c3af2,16901,H,R,2026-02-07,online
03ec7d83-deb1-48c3-9697-dfdd35e42866,289738,H,R,2026-02-07,online
10b0c2c7-1b65-4a6a-8dd4-da464cf5e28d,160051,H,R,2026-02-07,online
fc2c6c1d-7e17-48df-b705-190da6b88035,384121,H,R,2026-02-07,online
0472ee04-7051-4c76-b9f7-e536f7ab803e,203464,H,R,2026-02-07,online
da943979-a9f7-4533-9fd7-79ace28402a4,113874,H,R,2026-02-07,online
2f133af0-a89b-4610-9b5d-4832bb4083d5,337404,H,R,2026-02-07,online
0b106d84-4310-4cb0-a6b5-0155cde4fcca,112178,H,R,2026-02-07,online
c2c3955b-2ed9-4b9c-bd05-2118ad612f7a,212806,H,R,2026-02-07,online
b8eb05e6-6861-4ff7-886d-a0a1a1267a57,469180,H,R,2026-02-07,online
3a6457bb-95b8-49ec-8429-ba432c076610,481277,H,R,2026-02-07,online
b505eae9-49df-474d-b7b9-565206c3a7e1,284387,F,K,2026-02-07,online
b915c7fd-aeac-4a01-8aa6-ef6a702e132f,328515,F,K,2026-02-07,online
0d3bc43d-9533-4902-b766-ebd658016dff,120947,F,K,2026-02-07,online
549c04cf-690d-4096-9e5a-a89f1c2ae4a8,193776,F,K,2026-02-07,online
a47fc955-e070-4d64-b9e3-7966d588008c,6026,F,K,2026-02-07,online
bf55a875-525a-40c7-a1bf-1c07766abadd,454417,F,K,2026-02-07,online
57b922f4-2126-4f65-805f-03fdb5734258,61568,F,K,2026-02-07,online
bb84baad-afca-4440-8d86-0f3919b530a6,426822,F,K,2026-02-07,online
24fae3fe-760e-43e0-a101-9c6a5f46e5c2,203012,F,K,2026-02-07,online
3a6fbc31-f4c0-432f-b08d-edfef9565059,106836,F,K,2026-02-07,online
f4dae073-418b-4c48-a4a7-24b57c23f929,32430,F,K,2026-02-07,online
46a2a53e-e4a5-4f0b-a6c3-472392f8b26c,494867,F,K,2026-02-07,online
20dfb926-bbe4-4acd-a014-3a88d48156b9,179645,F,K,2026-02-07,online
2f450676-2887-4ac0-a72d-c66450ddfd18,423145,F,K,2026-02-07,online
36d730ab-e867-4881-90eb-7b6ae1a702d2,355419,F,K,2026-02-07,online
9540cc6e-3280-45ad-9837-7d4548102f8a,295512,F,K,2026-02-07,online
dc6144ab-40bf-4d01-97d4-55950683f0d6,366569,F,K,2026-02-07,online
c2588eb7-7ad4-421e-a41e-fb3d983f3007,274970,F,K,2026-02-07,online
9613d991-f58b-4976-9c08-bb5a8cfbb7b3,183898,F,K,2026-02-07,online
3515e121-5c31-41a5-837f-c4484b3653e6,343000,F,K,2026-02-07,online
bdc5723d-da5e-4517-a9fc-dc61a4a41bb2,431148,F,K,2026-02-07,online
96edb56f-f248-48f6-ab6b-5e90f6a59b67,74951,F,K,2026-02-07,online
64e641d1-5a45-44ce-bde0-37e367c5c30a,187965,F,K,2026-02-07,online
66bb566e-0103-4bcd-9f8a-5334fe4154e6,56704,F,K,2026-02-07,online
d0ce6228-bfb5-4fa2-a9c5-03ac20d17223,460098,F,K,2026-02-07,online
b4bcfe2e-ee6d-48f9-9e2f-78083a15a61b,427378,F,K,2026-02-07,online
ef15be3c-bbe2-4e21-b4d2-ad81140e980f,444916,F,K,2026-02-07,online
14d3cefe-036b-43b7-b0bc-2ba4b9787a68,302410,F,K,2026-02-07,online
790051f7-3f6d-4c64-931b-52ee2fbc0c93,317520,F,K,2026-02-07,online
079d109e-01e7-4166-9d0b-4c4d910e3ef3,206331,F,K,2026-02-07,online
e004929a-eff3-4364-8c37-4cba30e610c7,291998,F,K,2026-02-07,online
ff27d80e-da7b-4966-97f2-f9e7ff07a122,148586,F,K,2026-02-07,online
03672020-30d2-4fb8-9264-2215fa90dd09,138867,F,K,2026-02-07,online
cc653557-8c54-4271-ac8c-1a660810ebbd,493259,F,K,2026-02-07,online
3715514c-168e-4083-91a3-10228cd5c473,265237,F,K,2026-02-07,online
70d43623-79fc-49df-9786-d911e88b2b77,164722,F,K,2026-02-07,online
9e10fa5e-8cc7-4b44-8bc0-1728707c4d81,191893,F,K,2026-02-07,online
b98ab62b-13ab-455f-bf37-ee026c9cbe33,68132,F,K,2026-02-07,online
706d2547-dad9-4a74-9389-6ff1fa29376a,255705,F,K,2026-02-07,online
e88bd973-41ee-4e3b-984f-2acac802bfa7,349403,F,K,2026-02-07,online
28eec2e8-bcaf-4ea5-9f3f-45c33a490ebc,192916,F,K,2026-02-07,online
ac2a819b-40cb-4ce6-a2cf-7a1b67d3e682,108120,F,K,2026-02-07,online
6c58c9e7-5965-43a6-ae8b-2e1003af469d,481520,F,K,2026-02-07,online
600dc50a-e9dd-4367-ae8e-6f1564ad153e,21162,F,K,2026-02-07,online
a6f5cdfd-6fa4-4721-94fa-7e18cf546f7d,307591,F,K,2026-02-07,online
8cf9ac34-1948-42a0-8672-204a89668a8b,199530,F,K,2026-02-07,online
1555d851-9468-4b03-915e-3db485849d17,31448,D,P,2026-02-09,online